id;nom;prenom;telephone;position;date_gain;date_payment;montant
1;Buckinghamshire Future-proofed deposit;Quality;359.816.3712;92469;2019-07-25T01:06:58;2019-07-24T17:03:17;69578
2;Profound;parsing;552.290.9859 x861;33902;2019-07-25T07:25:05;2019-07-25T05:43:47;70035
3;programming SCSI drive;invoice Unbranded Cheese;(665) 031-9690 x21354;69189;2019-07-25T03:20:55;2019-07-24T22:27:50;99445
4;Fish;Networked;1-173-678-7635;54254;2019-07-25T11:51:45;2019-07-25T01:53:58;36771
5;dedicated Persevering;Coordinator Cambridgeshire Investor;735-656-4812 x742;57200;2019-07-25T13:31:38;2019-07-24T19:39:56;64547
6;Chips;Villages uniform PCI;1-099-345-9599 x8023;38509;2019-07-25T09:31:44;2019-07-24T17:41:01;26847
7;Bedfordshire;Maryland Configuration;(950) 026-6931 x2528;32255;2019-07-24T20:19:57;2019-07-24T17:44:34;69701
8;Sudanese Pound;France protocol;828-690-5056 x716;7094;2019-07-24T21:15:49;2019-07-25T04:35:17;79579
9;Human;Tools California;560-341-5928 x580;25025;2019-07-25T13:12:52;2019-07-25T13:10:43;82260
10;back-end;interface;722-964-0801 x54566;13835;2019-07-24T20:41:05;2019-07-25T10:55:30;97585
